,ticker,date,time,title,data,score
0,AMD,Dec-28-24,08:15AM,2 Stocks Down 40% and 72% to Buy Right Now,2024-12-28,0.9602307081222534
1,AMD,Dec-28-24,07:45AM,3 Top AI Stocks to Watch in 2025,2024-12-28,0.9069602489471436
2,AMD,Dec-28-24,05:15AM,Is Supermicro Stock a Buy in 2025?,2024-12-28,0.9280604124069214
3,AMD,Dec-27-24,11:00AM,Analysts Believe These AI Stocks Could Beat Goldman's 2025 Predictions For The S&P 500 By 400%,2024-12-27,0.9347543716430664
4,AMD,Dec-27-24,10:21AM,Nvidia Stock Slips. Whats Moving the AI Chip Maker.,2024-12-27,0.9066737294197083
5,AMD,Dec-27-24,04:29AM,2 Artificial Intelligence (AI) ETFs to Confidently Buy Heading Into 2025,2024-12-27,0.5745416283607483
6,AMD,Dec-26-24,07:56PM,"From AI PCs to servers: Qualcomm, AMD challenge Intel's market dominance",2024-12-26,0.8303390145301819
7,AMD,Dec-26-24,07:03PM,Elon Musk just got the best Christmas gift he could ask for,2024-12-26,0.804689347743988
8,AMD,Dec-26-24,03:36PM,Analyst: Advanced Micro Devices (AMD)s Pipeline Lacks Nvidias By More Than a Year,2024-12-26,0.926870584487915
9,AMD,Dec-26-24,12:16PM,AWS's Bold Move: Why It's Slashing Supplier Ties and Betting on Custom Hardware,2024-12-26,0.6428453922271729
10,AMD,Dec-26-24,09:05AM,The Surprising Thing That the 5 Best Stocks of the Past Decade All Have in Common,2024-12-26,0.838196873664856
11,AMD,Dec-26-24,03:56AM,2 Super Semiconductor Stocks (Besides Nvidia) to Buy Hand Over Fist in 2025,2024-12-26,0.8744832873344421
12,AMD,Dec-25-24,10:41PM,Looming subsidy cuts raise concerns over Taiwan's inflow of tech investments,2024-12-25,0.9488276243209839
13,AMD,Dec-25-24,09:51AM,Prediction: 2 Stocks That Will Be Worth More Than Nvidia 5 Years From Now,2024-12-25,0.6628804802894592
14,AMD,Dec-25-24,08:15AM,Should You Buy the Dip in AMD Stock?,2024-12-25,0.8802291750907898
15,AMD,Dec-25-24,06:00AM,My Top 2 AI Stocks for 2025,2024-12-25,0.9318102598190308
16,AMD,Dec-25-24,04:22AM,A Once-in-a-Decade Investment Opportunity: 1 Artificial Intelligence (AI) Semiconductor Stock to Buy Hand Over Fist and Hold for Years (Hint: It's Not Nvidia),2024-12-25,0.8736258745193481
17,AMD,Dec-24-24,05:45PM,Advanced Micro Devices (AMD) Exceeds Market Returns: Some Facts to Consider,2024-12-24,0.9277826547622681
18,AMD,Dec-24-24,04:24PM,Advanced Micro Devices (AMD) Faces Price Target Reductions Amid AI Market Growth and Sector Caution,2024-12-24,0.822326123714447
19,AMD,Dec-24-24,09:53AM,"AMD and Nvidia Back Musks xAI. What It Means for Microsoft, Google, and Amazon.",2024-12-24,0.909086287021637
20,AMD,Dec-24-24,08:15AM,Nvidia Stock Rises for Fourth Day. Why the Chip Maker Is Getting a Festive Boost.,2024-12-24,0.8553516268730164
21,AMD,Dec-24-24,07:04AM,"Biden administration announces new Chinese chips probe, Semiconductor stocks gain",2024-12-24,0.5285129547119141
22,AMD,Dec-24-24,06:00AM,Nvidia dominated 2024 big-time. Next year? Plenty of challenges.,2024-12-24,0.8247691988945007
23,AMD,Dec-24-24,05:33AM,"Analyst: 'Dollars Are Flowing' Into Nvidia, Not Advanced Micro Devices (AMD)",2024-12-24,0.51533442735672
24,AMD,Dec-24-24,05:17AM,Nvidia Stock Rises. Why the Chip Maker Is Getting a Festive Boost.,2024-12-24,0.8424702882766724
25,AMD,Dec-23-24,04:42PM,S&P 500 Gains and Losses Today: Chip Stocks Surge as Holiday Trading Week Begins,2024-12-23,0.7417763471603394
26,AMD,Dec-23-24,04:19PM,"Broadcom, AMD Lead Chip Stocks Higher Monday on Anticipation of AI-Driven Gains",2024-12-23,0.9368976950645447
27,AMD,Dec-23-24,02:46PM,AMD's Stock Soars Amid Buzz Over New CPUs and GPUs,2024-12-23,0.7521831393241882
28,AMD,Dec-23-24,02:10PM,The biggest questions and themes for AI in 2025,2024-12-23,0.9364324808120728
29,AMD,Dec-23-24,02:07PM,AMD and Micron Are Top Analyst Picks for AI and Next-Gen Tech Growth,2024-12-23,0.5960556864738464
30,AMD,Dec-23-24,01:33PM,"Top Stock Movers Now: Broadcom, AMD, ResMed, and More",2024-12-23,0.9143675565719604
31,AMD,Dec-23-24,01:08PM,Why Are AMD (AMD) Shares Soaring Today,2024-12-23,0.5893769860267639
32,AMD,Dec-23-24,11:33AM,Rosenblatt Picks AMD and Meta as Top Stocks for 2025 Amid AI Growth,2024-12-23,0.493217796087265
33,AMD,Dec-23-24,11:17AM,Why AMD Stock Is Jumping Today,2024-12-23,0.8824024200439453
34,AMD,Dec-23-24,09:07AM,Nvidia stock is in a 'soul-searching' moment,2024-12-23,0.6495569944381714
35,AMD,Dec-23-24,04:45AM,Stock Split Watch: Is AMD Next?,2024-12-23,0.9384084939956665
36,AMD,Dec-23-24,04:04AM,Winners And Losers Of Q3: Intel (NASDAQ:INTC) Vs The Rest Of The Processors and Graphics Chips Stocks,2024-12-23,0.8461983799934387
37,AMD,Dec-22-24,06:20AM,"These Chip Stocks Could Rocket in 2025, According to Wall Street",2024-12-22,0.7977807521820068
38,AMD,Dec-22-24,04:05AM,History Says the Nasdaq Could Soar in 2025: 2 AI Stocks to Buy Before It Does.,2024-12-22,0.822638988494873
39,AMD,Dec-21-24,09:42AM,Cramer's Take on Advanced Micro Devices (AMD): Is the AI Chipmaker Losing Its Edge?,2024-12-21,0.8977184295654297
40,AMD,Dec-21-24,04:22AM,Better Artificial Intelligence Stock: Wolfspeed vs. AMD,2024-12-21,0.7957803606987
41,AMD,Dec-20-24,04:26PM,"Nvidia, AI Chip Stocks Get Lift From Bullish Morgan Stanley Report",2024-12-20,0.8983821272850037
42,AMD,Dec-20-24,11:02AM,Advanced Micro Devices (AMD) Co-Leads $3.5 Billion Financing Round for Vultr to Boost AI and Cloud Infrastructure,2024-12-20,0.8019703030586243
43,AMD,Dec-20-24,10:13AM,"Morgan Stanley Ups Targets for Broadcom, Astera Labs, and Marvell Amid AI Growth Surge",2024-12-20,0.8674899935722351
44,AMD,Dec-20-24,10:02AM,"Morgan Stanley Names Nvidia a ""Top Pick"" as Blackwell GPU Demand Fuels Growth Projections",2024-12-20,0.921334445476532
45,AMD,Dec-20-24,09:30AM,Is It Worth Investing in Advanced Micro (AMD) Based on Wall Street's Bullish Views?,2024-12-20,0.8543230295181274
46,AMD,Dec-20-24,09:00AM,"Advanced Micro Devices, Inc. (AMD) is Attracting Investor Attention: Here is What You Should Know",2024-12-20,0.9101808667182922
47,AMD,Dec-20-24,08:00AM,How innovation died at Intel: America's only leading-edge chip manufacturer faces an uncertain future,2024-12-20,0.6921969652175903
48,AMD,Dec-20-24,08:00AM,How innovation died at Intel: America's only leading-edge chip manufacturer faces an uncertain future and lawsuits,2024-12-20,0.7558173537254333
49,AMD,Dec-20-24,08:00AM,How innovation died at Intel as it faces an uncertain future as America's only leading-edge chip manufacturer,2024-12-20,0.5866953134536743
50,AMD,Dec-20-24,07:15AM,Could AMD Soar in 2025?,2024-12-20,0.8940759897232056
51,AMD,Dec-20-24,05:00AM,Better Semiconductor Stock: AMD vs. Broadcom,2024-12-20,0.948250412940979
52,AMD,Dec-19-24,10:11PM,Advanced Micro Devices (AMD) Among the Best Growth Stock to Invest in Now,2024-12-19,0.6929880976676941
53,AMD,Dec-19-24,09:03PM,Hedge fund leader loves this AI stock and it isn't Nvidia,2024-12-19,0.9166772365570068
54,AMD,Dec-19-24,11:50AM,"Wolfe Research Raises Concerns Over Advanced Micro Devices, Inc. (AMD)s AI Revenue Outlook and Q1 Estimates Ahead of Earnings",2024-12-19,0.960865318775177
55,AMD,Dec-19-24,11:50AM,This AI Stock Hit a New Low in Wednesday's Sell-Off: Is It Time to Buy?,2024-12-19,0.48075172305107117
56,AMD,Dec-19-24,05:30AM,AMD's Stock Is Trading Near Its 52-Week Low. Is Now the Time to Buy?,2024-12-19,0.6800930500030518
57,AMD,Dec-19-24,04:10AM,Is Advanced Micro Devices Stock Heading for $200 in 2025?,2024-12-19,0.9010403156280518
58,AMD,Dec-18-24,06:15PM,The trade controls US could enact while navigating China chip war,2024-12-18,0.9098016023635864
59,AMD,Dec-18-24,10:02AM,"AMD Retains ""Moderate Buy"" Consensus with $192 Average Price Target",2024-12-18,0.7701818943023682
60,AMD,Dec-18-24,09:54AM,Nvidia Stock Looks Dead in the Water. How It Comes Back to Life.,2024-12-18,0.9071568250656128
61,AMD,Dec-18-24,06:00AM,Nvidia's Blackwell chip could push the company into a new stratosphere as the AI revolution continues,2024-12-18,0.760101854801178
62,AMD,Dec-18-24,04:30AM,"Meet Time CEO of the year Lisa Su, who grew AMDs share price by 50x and is related to Nvidias Jensen Huang",2024-12-18,0.8515011668205261
63,AMD,Dec-18-24,01:48AM,Roth MKMs View on AMD: Is Advanced Micro Devices (AMD) a Safe Bet in the AI Boom?,2024-12-18,0.8539687991142273
64,AMD,Dec-17-24,05:45PM,Advanced Micro Devices (AMD) Sees a More Significant Dip Than Broader Market: Some Facts to Know,2024-12-17,0.6788947582244873
65,AMD,Dec-17-24,08:44AM,Billionaire chipmaker CEO Lisa Su holds meetings on weekends and sends feedback after midnight: I dont believe leaders are born. I believe leaders are trained,2024-12-17,0.8876982927322388
66,AMD,Dec-17-24,08:00AM,Unlikely Rivals  CEOs of AMD and Nvidia Are Distant Cousins Who Just Recently Met For The First Time,2024-12-17,0.911960244178772
67,AMD,Dec-17-24,06:20AM,Intel Goes After Nvidia and AMD Again With New Graphics Cards,2024-12-17,0.5168266296386719
68,AMD,Dec-16-24,08:00PM,Is AMD Stock a Buy?,2024-12-16,0.9184800982475281
69,AMD,Dec-16-24,06:20PM,"Nvidia Stock Keeps Growing for Investors, but Is It Time to Lower Expectations for 2025?",2024-12-16,0.5340332388877869
70,AMD,Dec-16-24,05:38PM,"Jim Cramer on Advanced Micro Devices, Inc. (AMD): I Think Its A Buy Ahead Of The Meeting",2024-12-16,0.6864321827888489
71,AMD,Dec-16-24,05:02PM,Walmart defends pullback on DEI while investors and leaders debate its effects on performance,2024-12-16,0.6347934603691101
72,AMD,Dec-16-24,12:30PM,Trump & chip sector: Investors need 'supply chain resilience plan',2024-12-16,0.5060853958129883
73,AMD,Dec-16-24,08:25AM,Advanced Micro Devices (AMD) Eyes Future Growth with AI and General Compute: Insights from Barclays Tech Conference,2024-12-16,0.841853141784668
74,AMD,Dec-16-24,07:54AM,Liquid AI secures $250m funding to advance general purpose AI,2024-12-16,0.5541725754737854
75,AMD,Dec-15-24,12:05PM,Will Artificial Intelligence Stocks Continue to Dominate in 2025? Here's What History Says.,2024-12-15,0.9307632446289062
76,AMD,Dec-15-24,10:30AM,"The Best Stocks to Invest $50,000 in Right Now",2024-12-15,0.9240031838417053
77,AMD,Dec-15-24,07:47AM,"Advanced Micro Devices, Inc. (NASDAQ:AMD): Billionaire David Tepper Love This Stock",2024-12-15,0.9305011034011841
78,AMD,Dec-15-24,07:45AM,2 No-Brainer Artificial Intelligence (AI) Stocks to Buy Before 2025,2024-12-15,0.881243109703064
79,AMD,Dec-15-24,06:45AM,Here Are My Top 3 Artificial Intelligence (AI) Stocks to Buy Hand Over Fist in 2025. Hint: Nvidia's Not on the List.,2024-12-15,0.8703216314315796
80,AMD,Dec-14-24,05:00PM,Better Artificial Intelligence Stock: AMD vs. Marvell Technology,2024-12-14,0.7310620546340942
81,AMD,Dec-14-24,09:07AM,Prediction: AMD Stock Will Soar Over the Next 8 Years. Here's 1 Reason Why.,2024-12-14,0.7777723670005798
82,AMD,Dec-14-24,08:41AM,3 Top Tech Stocks to Buy Right Now,2024-12-14,0.9184360504150391
83,AMD,Dec-13-24,01:47PM,Liquid AI closes $250 million early-stage funding round led by AMD,2024-12-13,0.6334834694862366
84,AMD,Dec-13-24,01:07PM,These sectors will outperform in 2025: Portfolio mgr.,2024-12-13,0.3892394006252289
85,AMD,Dec-13-24,11:54AM,Why AMD Is a Much Stronger Investment than Intel (INTC),2024-12-13,0.6158372163772583
86,AMD,Dec-13-24,04:25AM,1 Spectacular Artificial Intelligence (AI) ETF to Buy With $40 During the S&P 500 Bull Market,2024-12-13,0.7136787176132202
87,AMD,Dec-12-24,10:33AM,There's only 2 Magnificent 7 names this strategist likes for 2025,2024-12-12,0.9450981616973877
88,AMD,Dec-12-24,07:57AM,Billionaires Love This Tech Stock. But Will It Continue Its Reign in 2025?,2024-12-12,0.9263131022453308
89,AMD,Dec-12-24,07:44AM,"Bank of America Upgrades PayPal, AMD Downgraded to Neutral",2024-12-12,0.7808398604393005
90,AMD,Dec-12-24,05:15AM,"Got $5,000? 2 Top Growth Stocks to Buy That Could Double Your Money.",2024-12-12,0.83595210313797
91,AMD,Dec-12-24,04:07AM,Why Advanced Micro Devices (AMD) Is the Best Augmented Reality Stock to Buy Now?,2024-12-12,0.9108790755271912
92,AMD,Dec-11-24,08:08PM,"Lightning Round: AMD is cheap and should be bought here, says Jim Cramer",2024-12-11,0.786877453327179
93,AMD,Dec-11-24,05:45PM,Advanced Micro Devices (AMD) Rises Higher Than Market: Key Facts,2024-12-11,0.9340100884437561
94,AMD,Dec-11-24,04:44PM,Missed Nvidia? Buy Oracle and 2 Other Beaten-Down AI Stocks Now.,2024-12-11,0.7357826828956604
95,AMD,Dec-11-24,12:45PM,Nvidia is the latest chess piece in the US-China tech war,2024-12-11,0.8925928473472595
96,AMD,Dec-11-24,12:20PM,"Advanced Micro Devices (AMD) Hit by AI Chip Competition, BofA Downgrades Stock",2024-12-11,0.9642475843429565
97,AMD,Dec-11-24,10:20AM,"AMD, Broadcom, Marvell Are Trailing Nvidia. This AI Chip Stock Can Take Second Spot.",2024-12-11,0.8339264392852783
98,AMD,Dec-11-24,08:23AM,"AMD, Broadcom, Marvell Are in Nvidias Wake. This AI Chip Stock Can Take Second Spot.",2024-12-11,0.8472490906715393
99,AMD,Dec-11-24,08:01AM,ASML: The EUV Lithography Giant Navigating Challenges,2024-12-11,0.9033126831054688
